Workbook

Sheet Inputs
A1: RRG evaluation workbook - template (board analysts, March 2026). Scenario artifact authored for this exercise.
A2: Paste Vintage 2025 values from co-est2025-alldata.csv into the blue cells. Domestically sourced growth is the year's population change with net international migration taken out.
A4: Area | B4: POPESTIMATE2022 | C4: POPESTIMATE2023 | D4: POPESTIMATE2024 | E4: POPESTIMATE2025 | F4: NPOPCHG2023 | G4: NPOPCHG2024 | H4: NPOPCHG2025 | I4: INTERNATIONALMIG2023 | J4: INTERNATIONALMIG2024 | K4: INTERNATIONALMIG2025 | L4: NATURALCHG2023 | M4: NATURALCHG2024 | N4: NATURALCHG2025
A5: Dallas County (48113)
A6: Texas (state row, SUMLEV 040)

Sheet Evaluation
A1: Area | B1: Year | C1: Start-of-year residents | D1: Domestically sourced growth per 1,000 | E1: Natural change per 1,000 | F1: Domestic migration per 1,000
A2: Dallas County | B2: Check year 2022-23 | C2: =Inputs!B5 | D2: =(Inputs!F5-Inputs!I5)/C2*1000 | E2: =Inputs!L5/C2*1000 | F2: =D2-E2
A3: Dallas County | B3: Base year 2023-24 | C3: =Inputs!C5 | D3: =(Inputs!G5-Inputs!J5)/C3*1000 | E3: =Inputs!M5/C3*1000 | F3: =D3-E3
A4: Dallas County | B4: Program year 2024-25 | C4: =Inputs!D5 | D4: =(Inputs!H5-Inputs!K5)/C4*1000 | E4: =Inputs!N5/C4*1000 | F4: =D4-E4
A5: Rest of Texas | B5: Check year 2022-23 | C5: =(Inputs!B6-Inputs!B5) | D5: =((Inputs!F6-Inputs!F5)-(Inputs!I6-Inputs!I5))/C5*1000 | E5: =(Inputs!L6-Inputs!L5)/C5*1000 | F5: =D5-E5
A6: Rest of Texas | B6: Base year 2023-24 | C6: =(Inputs!C6-Inputs!C5) | D6: =((Inputs!G6-Inputs!G5)-(Inputs!J6-Inputs!J5))/C6*1000 | E6: =(Inputs!M6-Inputs!M5)/C6*1000 | F6: =D6-E6
A7: Rest of Texas | B7: Program year 2024-25 | C7: =(Inputs!D6-Inputs!D5) | D7: =((Inputs!H6-Inputs!H5)-(Inputs!K6-Inputs!K5))/C7*1000 | E7: =(Inputs!N6-Inputs!N5)/C7*1000 | F7: =D7-E7
A10: Effect (program year vs base year) | B10: =(D4-D3)-(D7-D6)
A11: Parallel-movement check (base year vs check year) | B11: =(D3-D2)-(D6-D5)
A12: Bar | B12: 1.8
A13: Limit | B13: 1.5
A14: Decision | B14: =IF(AND(ABS(B11)<=B13,B10>=B12),"Extend","Lapse")
