Workbook

Sheet Summary
A1: Breadth Fund 2026 round: golden summary
A3: Article 4 notices | B3: Wilson
A4: Transition reserve payout ($) | B4: 6869
A5: Wilson County 2026 draw ($) | B5: 103409
A6: Wilson change on 2025 (%) | B6: -11.73
A7: Qualifying industries, 2026 round | B7: 82
A8: Part per industry ($) | B8: 60975.61
A9: Ledger lines rebuilt exactly (of 78) | B9: 78
A10: Finance model v2: notices / reserve | B10: Gillespie / 8240

Sheet Industries_2026
A1: NAICS | B1: Industry | C1: Region establishments 2024 | D1: Region establishments 2025 | E1: Carried in 2024 and 2025 (qualifies for 2026 round) | F1: Part of the fund ($)
A2: 3111 | B2: NAICS 3111 Animal food manufacturing | C2: =Counts_2024_2025!P2 -> 12 | D2: =Counts_2024_2025!AD2 -> 12 | E2: =IF(AND(C2>0,D2>0),1,0) -> 1 | F2: =IF(E2=1,5000000/SUM($E$2:$E$85),0) -> 60975.61
A3: 3112 | B3: NAICS 3112 Grain and oilseed milling | C3: =Counts_2024_2025!P3 -> 6 | D3: =Counts_2024_2025!AD3 -> 7 | E3: =IF(AND(C3>0,D3>0),1,0) -> 1 | F3: =IF(E3=1,5000000/SUM($E$2:$E$85),0) -> 60975.61
A4: 3113 | B4: NAICS 3113 Sugar and confectionery product manufacturing | C4: =Counts_2024_2025!P4 -> 7 | D4: =Counts_2024_2025!AD4 -> 7 | E4: =IF(AND(C4>0,D4>0),1,0) -> 1 | F4: =IF(E4=1,5000000/SUM($E$2:$E$85),0) -> 60975.61
A5: 3114 | B5: NAICS 3114 Fruit and vegetable preserving and specialty food manufacturing | C5: =Counts_2024_2025!P5 -> 24 | D5: =Counts_2024_2025!AD5 -> 24 | E5: =IF(AND(C5>0,D5>0),1,0) -> 1 | F5: =IF(E5=1,5000000/SUM($E$2:$E$85),0) -> 60975.61
A6: 3115 | B6: NAICS 3115 Dairy product manufacturing | C6: =Counts_2024_2025!P6 -> 10 | D6: =Counts_2024_2025!AD6 -> 10 | E6: =IF(AND(C6>0,D6>0),1,0) -> 1 | F6: =IF(E6=1,5000000/SUM($E$2:$E$85),0) -> 60975.61
A7: 3116 | B7: NAICS 3116 Animal slaughtering and processing | C7: =Counts_2024_2025!P7 -> 34 | D7: =Counts_2024_2025!AD7 -> 38 | E7: =IF(AND(C7>0,D7>0),1,0) -> 1 | F7: =IF(E7=1,5000000/SUM($E$2:$E$85),0) -> 60975.61
A8: 3117 | B8: NAICS 3117 Seafood product preparation and packaging | C8: =Counts_2024_2025!P8 -> 5 | D8: =Counts_2024_2025!AD8 -> 4 | E8: =IF(AND(C8>0,D8>0),1,0) -> 1 | F8: =IF(E8=1,5000000/SUM($E$2:$E$85),0) -> 60975.61
A9: 3118 | B9: NAICS 3118 Bakeries and tortilla manufacturing | C9: =Counts_2024_2025!P9 -> 88 | D9: =Counts_2024_2025!AD9 -> 89 | E9: =IF(AND(C9>0,D9>0),1,0) -> 1 | F9: =IF(E9=1,5000000/SUM($E$2:$E$85),0) -> 60975.61
A10: 3119 | B10: NAICS 3119 Other food manufacturing | C10: =Counts_2024_2025!P10 -> 57 | D10: =Counts_2024_2025!AD10 -> 61 | E10: =IF(AND(C10>0,D10>0),1,0) -> 1 | F10: =IF(E10=1,5000000/SUM($E$2:$E$85),0) -> 60975.61
A11: 3121 | B11: NAICS 3121 Beverage manufacturing | C11: =Counts_2024_2025!P11 -> 112 | D11: =Counts_2024_2025!AD11 -> 106 | E11: =IF(AND(C11>0,D11>0),1,0) -> 1 | F11: =IF(E11=1,5000000/SUM($E$2:$E$85),0) -> 60975.61
A12: 3122 | B12: NAICS 3122 Tobacco manufacturing | C12: =Counts_2024_2025!P12 -> 1 | D12: =Counts_2024_2025!AD12 -> 1 | E12: =IF(AND(C12>0,D12>0),1,0) -> 1 | F12: =IF(E12=1,5000000/SUM($E$2:$E$85),0) -> 60975.61
A13: 3132 | B13: NAICS 3132 Fabric mills | C13: =Counts_2024_2025!P13 -> 6 | D13: =Counts_2024_2025!AD13 -> 7 | E13: =IF(AND(C13>0,D13>0),1,0) -> 1 | F13: =IF(E13=1,5000000/SUM($E$2:$E$85),0) -> 60975.61
... A85: 3399 | B85: NAICS 3399 Other miscellaneous manufacturing | C85: =Counts_2024_2025!P85 -> 115 | D85: =Counts_2024_2025!AD85 -> 117 | E85: =IF(AND(C85>0,D85>0),1,0) -> 1 | F85: =IF(E85=1,5000000/SUM($E$2:$E$85),0) -> 60975.61
B87: Qualifying industries | E87: =SUM(E2:E85) -> 82 | F87: =SUM(F2:F85) -> 5000000

Sheet Draws_2026
A1: County | B1: Draw 2026 ($) | C1: 2025 draw, ledger ($) | D1: Change (%) | E1: Article 4 notice | F1: Transition payment ($)
A2: Atascosa | B2: =ROUND(SUMPRODUCT(Industries_2026!$F$2:$F$85,Counts_2024_2025!Q2:Q85/IF(Counts_2024_2025!$AD$2:$AD$85=0,1,Counts_2024_2025!$AD$2:$AD$85)),0) -> 87189 | C2: 79734 | D2: =(B2-C2)/C2*100 -> 9.3498382 | E2: =IF(B2<0.9*C2,"Yes","No") -> No | F2: =IF(E2="Yes",ROUND((C2-B2)/2,0),0) -> 0
A3: Bandera | B3: =ROUND(SUMPRODUCT(Industries_2026!$F$2:$F$85,Counts_2024_2025!R2:R85/IF(Counts_2024_2025!$AD$2:$AD$85=0,1,Counts_2024_2025!$AD$2:$AD$85)),0) -> 33828 | C3: 35349 | D3: =(B3-C3)/C3*100 -> -4.3028091 | E3: =IF(B3<0.9*C3,"Yes","No") -> No | F3: =IF(E3="Yes",ROUND((C3-B3)/2,0),0) -> 0
A4: Bexar | B4: =ROUND(SUMPRODUCT(Industries_2026!$F$2:$F$85,Counts_2024_2025!S2:S85/IF(Counts_2024_2025!$AD$2:$AD$85=0,1,Counts_2024_2025!$AD$2:$AD$85)),0) -> 2986255 | C4: 3033114 | D4: =(B4-C4)/C4*100 -> -1.5449139 | E4: =IF(B4<0.9*C4,"Yes","No") -> No | F4: =IF(E4="Yes",ROUND((C4-B4)/2,0),0) -> 0
A5: Comal | B5: =ROUND(SUMPRODUCT(Industries_2026!$F$2:$F$85,Counts_2024_2025!T2:T85/IF(Counts_2024_2025!$AD$2:$AD$85=0,1,Counts_2024_2025!$AD$2:$AD$85)),0) -> 653087 | C5: 643896 | D5: =(B5-C5)/C5*100 -> 1.4274044 | E5: =IF(B5<0.9*C5,"Yes","No") -> No | F5: =IF(E5="Yes",ROUND((C5-B5)/2,0),0) -> 0
A6: Frio | B6: =ROUND(SUMPRODUCT(Industries_2026!$F$2:$F$85,Counts_2024_2025!U2:U85/IF(Counts_2024_2025!$AD$2:$AD$85=0,1,Counts_2024_2025!$AD$2:$AD$85)),0) -> 8011 | C6: 8074 | D6: =(B6-C6)/C6*100 -> -0.78028239 | E6: =IF(B6<0.9*C6,"Yes","No") -> No | F6: =IF(E6="Yes",ROUND((C6-B6)/2,0),0) -> 0
A7: Gillespie | B7: =ROUND(SUMPRODUCT(Industries_2026!$F$2:$F$85,Counts_2024_2025!V2:V85/IF(Counts_2024_2025!$AD$2:$AD$85=0,1,Counts_2024_2025!$AD$2:$AD$85)),0) -> 132778 | C7: 146097 | D7: =(B7-C7)/C7*100 -> -9.1165459 | E7: =IF(B7<0.9*C7,"Yes","No") -> No | F7: =IF(E7="Yes",ROUND((C7-B7)/2,0),0) -> 0
A8: Guadalupe | B8: =ROUND(SUMPRODUCT(Industries_2026!$F$2:$F$85,Counts_2024_2025!W2:W85/IF(Counts_2024_2025!$AD$2:$AD$85=0,1,Counts_2024_2025!$AD$2:$AD$85)),0) -> 469198 | C8: 458536 | D8: =(B8-C8)/C8*100 -> 2.3252264 | E8: =IF(B8<0.9*C8,"Yes","No") -> No | F8: =IF(E8="Yes",ROUND((C8-B8)/2,0),0) -> 0
A9: Karnes | B9: =ROUND(SUMPRODUCT(Industries_2026!$F$2:$F$85,Counts_2024_2025!X2:X85/IF(Counts_2024_2025!$AD$2:$AD$85=0,1,Counts_2024_2025!$AD$2:$AD$85)),0) -> 40205 | C9: 35919 | D9: =(B9-C9)/C9*100 -> 11.932403 | E9: =IF(B9<0.9*C9,"Yes","No") -> No | F9: =IF(E9="Yes",ROUND((C9-B9)/2,0),0) -> 0
A10: Kendall | B10: =ROUND(SUMPRODUCT(Industries_2026!$F$2:$F$85,Counts_2024_2025!Y2:Y85/IF(Counts_2024_2025!$AD$2:$AD$85=0,1,Counts_2024_2025!$AD$2:$AD$85)),0) -> 258211 | C10: 215416 | D10: =(B10-C10)/C10*100 -> 19.866212 | E10: =IF(B10<0.9*C10,"Yes","No") -> No | F10: =IF(E10="Yes",ROUND((C10-B10)/2,0),0) -> 0
A11: Kerr | B11: =ROUND(SUMPRODUCT(Industries_2026!$F$2:$F$85,Counts_2024_2025!Z2:Z85/IF(Counts_2024_2025!$AD$2:$AD$85=0,1,Counts_2024_2025!$AD$2:$AD$85)),0) -> 142998 | C11: 144532 | D11: =(B11-C11)/C11*100 -> -1.0613567 | E11: =IF(B11<0.9*C11,"Yes","No") -> No | F11: =IF(E11="Yes",ROUND((C11-B11)/2,0),0) -> 0
A12: McMullen | B12: =ROUND(SUMPRODUCT(Industries_2026!$F$2:$F$85,Counts_2024_2025!AA2:AA85/IF(Counts_2024_2025!$AD$2:$AD$85=0,1,Counts_2024_2025!$AD$2:$AD$85)),0) -> 4876 | C12: 4818 | D12: =(B12-C12)/C12*100 -> 1.203819 | E12: =IF(B12<0.9*C12,"Yes","No") -> No | F12: =IF(E12="Yes",ROUND((C12-B12)/2,0),0) -> 0
A13: Medina | B13: =ROUND(SUMPRODUCT(Industries_2026!$F$2:$F$85,Counts_2024_2025!AB2:AB85/IF(Counts_2024_2025!$AD$2:$AD$85=0,1,Counts_2024_2025!$AD$2:$AD$85)),0) -> 79953 | C13: 77368 | D13: =(B13-C13)/C13*100 -> 3.3411746 | E13: =IF(B13<0.9*C13,"Yes","No") -> No | F13: =IF(E13="Yes",ROUND((C13-B13)/2,0),0) -> 0
A14: Wilson | B14: =ROUND(SUMPRODUCT(Industries_2026!$F$2:$F$85,Counts_2024_2025!AC2:AC85/IF(Counts_2024_2025!$AD$2:$AD$85=0,1,Counts_2024_2025!$AD$2:$AD$85)),0) -> 103409 | C14: 117147 | D14: =(B14-C14)/C14*100 -> -11.727146 | E14: =IF(B14<0.9*C14,"Yes","No") -> Yes | F14: =IF(E14="Yes",ROUND((C14-B14)/2,0),0) -> 6869
A15: Total | B15: =SUM(B2:B14) -> 4999998 | C15: =SUM(C2:C14) -> 5000000 | E15: =COUNTIF(E2:E14,"Yes") -> 1 | F15: =SUM(F2:F14) -> 6869

Sheet Backtest_2020_2025
A1: Round | B1: County | C1: Ledger draw ($) | D1: Rebuilt draw ($) | E1: Difference | F1: Qualifying industries | G1: Part per industry ($)
A2: 2020 | B2: Atascosa | C2: 51045 | D2: 51045 | E2: =D2-C2 -> 0 | F2: 81 | G2: 61728.4
A3: 2020 | B3: Bandera | C3: 39404 | D3: 39404 | E3: =D3-C3 -> 0 | F3: 81 | G3: 61728.4
A4: 2020 | B4: Bexar | C4: 3195657 | D4: 3195657 | E4: =D4-C4 -> 0 | F4: 81 | G4: 61728.4
A5: 2020 | B5: Comal | C5: 551591 | D5: 551591 | E5: =D5-C5 -> 0 | F5: 81 | G5: 61728.4
A6: 2020 | B6: Frio | C6: 25218 | D6: 25218 | E6: =D6-C6 -> 0 | F6: 81 | G6: 61728.4
A7: 2020 | B7: Gillespie | C7: 141977 | D7: 141977 | E7: =D7-C7 -> 0 | F7: 81 | G7: 61728.4
A8: 2020 | B8: Guadalupe | C8: 462898 | D8: 462898 | E8: =D8-C8 -> 0 | F8: 81 | G8: 61728.4
A9: 2020 | B9: Karnes | C9: 35867 | D9: 35867 | E9: =D9-C9 -> 0 | F9: 81 | G9: 61728.4
A10: 2020 | B10: Kendall | C10: 145908 | D10: 145908 | E10: =D10-C10 -> 0 | F10: 81 | G10: 61728.4
A11: 2020 | B11: Kerr | C11: 144892 | D11: 144892 | E11: =D11-C11 -> 0 | F11: 81 | G11: 61728.4
A12: 2020 | B12: McMullen | C12: 5892 | D12: 5892 | E12: =D12-C12 -> 0 | F12: 81 | G12: 61728.4
A13: 2020 | B13: Medina | C13: 62501 | D13: 62501 | E13: =D13-C13 -> 0 | F13: 81 | G13: 61728.4
... A79: 2025 | B79: Wilson | C79: 117147 | D79: 117147 | E79: =D79-C79 -> 0 | F79: 82 | G79: 60975.61
B81: Lines that differ | C81: =COUNTIF(E2:E79,"<>0") -> 0

Sheet Model_v2_check
A1: County | B1: Model v2 projection ($) | C1: Draw 2026, fund method ($) | D1: Overstatement ($) | E1: Model v2 change (%) | F1: Fund method change (%)
A2: Atascosa | B2: 85113 | C2: =Draws_2026!B2 -> 87189 | D2: =B2-C2 -> -2076 | E2: 6.75 | F2: =Draws_2026!D2 -> 9.3498382
A3: Bandera | B3: 33023 | C3: =Draws_2026!B3 -> 33828 | D3: =B3-C3 -> -805 | E3: -6.58 | F3: =Draws_2026!D3 -> -4.3028091
A4: Bexar | B4: 2974677 | C4: =Draws_2026!B4 -> 2986255 | D4: =B4-C4 -> -11578 | E4: -1.93 | F4: =Draws_2026!D4 -> -1.5449139
A5: Comal | B5: 637537 | C5: =Draws_2026!B5 -> 653087 | D5: =B5-C5 -> -15550 | E5: -0.99 | F5: =Draws_2026!D5 -> 1.4274044
A6: Frio | B6: 7820 | C6: =Draws_2026!B6 -> 8011 | D6: =B6-C6 -> -191 | E6: -3.15 | F6: =Draws_2026!D6 -> -0.78028239
A7: Gillespie | B7: 129617 | C7: =Draws_2026!B7 -> 132778 | D7: =B7-C7 -> -3161 | E7: -11.28 | F7: =Draws_2026!D7 -> -9.1165459
A8: Guadalupe | B8: 458027 | C8: =Draws_2026!B8 -> 469198 | D8: =B8-C8 -> -11171 | E8: -0.11 | F8: =Draws_2026!D8 -> 2.3252264
A9: Karnes | B9: 39248 | C9: =Draws_2026!B9 -> 40205 | D9: =B9-C9 -> -957 | E9: 9.27 | F9: =Draws_2026!D9 -> 11.932403
A10: Kendall | B10: 252063 | C10: =Draws_2026!B10 -> 258211 | D10: =B10-C10 -> -6148 | E10: 17.01 | F10: =Draws_2026!D10 -> 19.866212
A11: Kerr | B11: 139594 | C11: =Draws_2026!B11 -> 142998 | D11: =B11-C11 -> -3404 | E11: -3.42 | F11: =Draws_2026!D11 -> -1.0613567
A12: McMullen | B12: 4760 | C12: =Draws_2026!B12 -> 4876 | D12: =B12-C12 -> -116 | E12: -1.2 | F12: =Draws_2026!D12 -> 1.203819
A13: Medina | B13: 78050 | C13: =Draws_2026!B13 -> 79953 | D13: =B13-C13 -> -1903 | E13: 0.88 | F13: =Draws_2026!D13 -> 3.3411746
A14: Wilson | B14: 160470 | C14: =Draws_2026!B14 -> 103409 | D14: =B14-C14 -> 57061 | E14: 36.98 | F14: =Draws_2026!D14 -> -11.727146
A16: Industries model v2 counts that the region carried in 2025 but not in 2024 (first year, no part of the 2026 round):
A17: 3221 | B17: NAICS 3221 Pulp, paper, and paperboard mills | C17: Bexar: 1 establishment(s)
A18: 3352 | B18: NAICS 3352 Household appliance manufacturing | C18: Wilson: 2 establishment(s)
A20: Model v2 backtest, counties that differ from the ledger by round: | B20: 2020: 13 | C20: 2021: 13 | D20: 2022: 13 | E20: 2023: 0 | F20: 2024: 0 | G20: 2025: 0

Sheet Medina_2025
A1: Industry | B1: Title | C1: Medina establishments (2023 counts) | D1: Region (2023) | E1: Medina part, 2024 round ($) | F1: Medina establishments (2024 counts) | G1: Region (2024) | H1: Medina part, 2025 round ($)
A2: 3116 | B2: NAICS 3116 Animal slaughtering and processing | C2: 3 | D2: 37 | E2: 4884.4 | F2: 3 | G2: 34 | H2: 5380.2
A3: 3118 | B3: NAICS 3118 Bakeries and tortilla manufacturing | C3: 1 | D3: 88 | E3: 684.56 | F3: 1 | G3: 88 | H3: 692.9
A4: 3119 | B4: NAICS 3119 Other food manufacturing | C4: 1 | D4: 49 | E4: 1229.41 | F4: 1 | G4: 57 | H4: 1069.75
A5: 3121 | B5: NAICS 3121 Beverage manufacturing | C5: 2 | D5: 104 | E5: 1158.48 | F5: 2 | G5: 112 | H5: 1088.85
A6: 3131 | B6: NAICS 3131 Fiber, yarn, and thread mills | C6: 1 | D6: 1 | E6: 60240.96 | F6: 0 | G6: 0 | H6: 0
A7: 3149 | B7: NAICS 3149 Other textile product mills | C7: 1 | D7: 31 | E7: 1943.26 | F7: 1 | G7: 30 | H7: 2032.52
A8: 3219 | B8: NAICS 3219 Other wood product manufacturing | C8: 1 | D8: 54 | E8: 1115.57 | F8: 1 | G8: 47 | H8: 1297.35
A9: 3253 | B9: NAICS 3253 Pesticide, fertilizer, and other agricultural chemical manufacturing | C9: 1 | D9: 7 | E9: 8605.85 | F9: 1 | G9: 7 | H9: 8710.8
A10: 3271 | B10: NAICS 3271 Clay product and refractory manufacturing | C10: 2 | D10: 11 | E10: 10952.9 | F10: 1 | G10: 10 | H10: 6097.56
A11: 3273 | B11: NAICS 3273 Cement and concrete product manufacturing | C11: 1 | D11: 77 | E11: 782.35 | F11: 1 | G11: 81 | H11: 752.79
A12: 3312 | B12: NAICS 3312 Steel product manufacturing from purchased steel | C12: 1 | D12: 2 | E12: 30120.48 | F12: 1 | G12: 3 | H12: 20325.2
A13: 3314 | B13: NAICS 3314 Nonferrous metal (except aluminum) production and processing | C13: 1 | D13: 6 | E13: 10040.16 | F13: 1 | G13: 6 | H13: 10162.6
... A19: 3372 | B19: NAICS 3372 Office furniture (including fixtures) manufacturing | C19: 2 | D19: 21 | E19: 5737.23 | F19: 2 | G19: 21 | H19: 5807.2
A20: Total | E20: =SUM(E2:E19) -> 150260.64 | H20: =SUM(H2:H19) -> 77368.2
A22: June 2025 projection for Medina ($) | B22: 144482
A23: Confirmed 2025 draw ($) | B23: 77368
A24: Gap ($) | B24: -67114

Sheet Counts_2024_2025
A1: NAICS | B1: Industry | C1: Atascosa 2024 | D1: Bandera 2024 | E1: Bexar 2024 | F1: Comal 2024 | G1: Frio 2024 | H1: Gillespie 2024 | I1: Guadalupe 2024 | J1: Karnes 2024 | K1: Kendall 2024 | L1: Kerr 2024 | M1: McMullen 2024 | N1: Medina 2024 | O1: Wilson 2024 | P1: Region 2024 | Q1: Atascosa 2025 | R1: Bandera 2025 | S1: Bexar 2025 | T1: Comal 2025 | U1: Frio 2025 | V1: Gillespie 2025 | W1: Guadalupe 2025 | X1: Karnes 2025 | Y1: Kendall 2025 | Z1: Kerr 2025 | AA1: McMullen 2025 | AB1: Medina 2025 | AC1: Wilson 2025 | AD1: Region 2025
A2: 3111 | B2: NAICS 3111 Animal food manufacturing | C2: 0 | D2: 0 | E2: 2 | F2: 2 | G2: 1 | H2: 1 | I2: 1 | J2: 1 | K2: 1 | L2: 2 | M2: 0 | N2: 0 | O2: 1 | P2: =SUM(C2:O2) -> 12 | Q2: 0 | R2: 0 | S2: 2 | T2: 2 | U2: 1 | V2: 1 | W2: 1 | X2: 1 | Y2: 1 | Z2: 2 | AA2: 0 | AB2: 0 | AC2: 1 | AD2: =SUM(Q2:AC2) -> 12
A3: 3112 | B3: NAICS 3112 Grain and oilseed milling | C3: 0 | D3: 0 | E3: 3 | F3: 2 | G3: 0 | H3: 0 | I3: 0 | J3: 0 | K3: 0 | L3: 1 | M3: 0 | N3: 0 | O3: 0 | P3: =SUM(C3:O3) -> 6 | Q3: 0 | R3: 0 | S3: 3 | T3: 2 | U3: 0 | V3: 0 | W3: 0 | X3: 0 | Y3: 1 | Z3: 1 | AA3: 0 | AB3: 0 | AC3: 0 | AD3: =SUM(Q3:AC3) -> 7
A4: 3113 | B4: NAICS 3113 Sugar and confectionery product manufacturing | C4: 0 | D4: 0 | E4: 2 | F4: 1 | G4: 0 | H4: 3 | I4: 0 | J4: 0 | K4: 0 | L4: 0 | M4: 0 | N4: 0 | O4: 1 | P4: =SUM(C4:O4) -> 7 | Q4: 0 | R4: 0 | S4: 2 | T4: 1 | U4: 0 | V4: 3 | W4: 0 | X4: 0 | Y4: 0 | Z4: 0 | AA4: 0 | AB4: 0 | AC4: 1 | AD4: =SUM(Q4:AC4) -> 7
A5: 3114 | B5: NAICS 3114 Fruit and vegetable preserving and specialty food manufacturing | C5: 1 | D5: 0 | E5: 16 | F5: 4 | G5: 0 | H5: 2 | I5: 0 | J5: 0 | K5: 0 | L5: 0 | M5: 1 | N5: 0 | O5: 0 | P5: =SUM(C5:O5) -> 24 | Q5: 1 | R5: 0 | S5: 15 | T5: 5 | U5: 0 | V5: 2 | W5: 0 | X5: 0 | Y5: 0 | Z5: 0 | AA5: 1 | AB5: 0 | AC5: 0 | AD5: =SUM(Q5:AC5) -> 24
A6: 3115 | B6: NAICS 3115 Dairy product manufacturing | C6: 0 | D6: 0 | E6: 7 | F6: 1 | G6: 0 | H6: 0 | I6: 1 | J6: 0 | K6: 1 | L6: 0 | M6: 0 | N6: 0 | O6: 0 | P6: =SUM(C6:O6) -> 10 | Q6: 0 | R6: 0 | S6: 7 | T6: 1 | U6: 0 | V6: 0 | W6: 0 | X6: 0 | Y6: 2 | Z6: 0 | AA6: 0 | AB6: 0 | AC6: 0 | AD6: =SUM(Q6:AC6) -> 10
A7: 3116 | B7: NAICS 3116 Animal slaughtering and processing | C7: 0 | D7: 0 | E7: 14 | F7: 3 | G7: 0 | H7: 3 | I7: 3 | J7: 1 | K7: 0 | L7: 3 | M7: 0 | N7: 3 | O7: 4 | P7: =SUM(C7:O7) -> 34 | Q7: 0 | R7: 0 | S7: 17 | T7: 3 | U7: 0 | V7: 3 | W7: 4 | X7: 1 | Y7: 0 | Z7: 2 | AA7: 0 | AB7: 4 | AC7: 4 | AD7: =SUM(Q7:AC7) -> 38
A8: 3117 | B8: NAICS 3117 Seafood product preparation and packaging | C8: 0 | D8: 0 | E8: 4 | F8: 0 | G8: 0 | H8: 0 | I8: 0 | J8: 0 | K8: 0 | L8: 1 | M8: 0 | N8: 0 | O8: 0 | P8: =SUM(C8:O8) -> 5 | Q8: 0 | R8: 0 | S8: 3 | T8: 0 | U8: 0 | V8: 0 | W8: 0 | X8: 0 | Y8: 0 | Z8: 1 | AA8: 0 | AB8: 0 | AC8: 0 | AD8: =SUM(Q8:AC8) -> 4
A9: 3118 | B9: NAICS 3118 Bakeries and tortilla manufacturing | C9: 0 | D9: 0 | E9: 74 | F9: 5 | G9: 0 | H9: 1 | I9: 2 | J9: 0 | K9: 2 | L9: 2 | M9: 0 | N9: 1 | O9: 1 | P9: =SUM(C9:O9) -> 88 | Q9: 0 | R9: 0 | S9: 75 | T9: 4 | U9: 0 | V9: 1 | W9: 2 | X9: 0 | Y9: 2 | Z9: 2 | AA9: 0 | AB9: 1 | AC9: 2 | AD9: =SUM(Q9:AC9) -> 89
A10: 3119 | B10: NAICS 3119 Other food manufacturing | C10: 0 | D10: 0 | E10: 48 | F10: 4 | G10: 0 | H10: 1 | I10: 2 | J10: 0 | K10: 1 | L10: 0 | M10: 0 | N10: 1 | O10: 0 | P10: =SUM(C10:O10) -> 57 | Q10: 0 | R10: 0 | S10: 51 | T10: 4 | U10: 0 | V10: 1 | W10: 2 | X10: 0 | Y10: 1 | Z10: 1 | AA10: 0 | AB10: 1 | AC10: 0 | AD10: =SUM(Q10:AC10) -> 61
A11: 3121 | B11: NAICS 3121 Beverage manufacturing | C11: 0 | D11: 0 | E11: 48 | F11: 6 | G11: 0 | H11: 37 | I11: 7 | J11: 0 | K11: 6 | L11: 5 | M11: 0 | N11: 2 | O11: 1 | P11: =SUM(C11:O11) -> 112 | Q11: 0 | R11: 0 | S11: 42 | T11: 8 | U11: 0 | V11: 35 | W11: 7 | X11: 0 | Y11: 6 | Z11: 5 | AA11: 0 | AB11: 2 | AC11: 1 | AD11: =SUM(Q11:AC11) -> 106
A12: 3122 | B12: NAICS 3122 Tobacco manufacturing | C12: 0 | D12: 0 | E12: 0 | F12: 1 | G12: 0 | H12: 0 | I12: 0 | J12: 0 | K12: 0 | L12: 0 | M12: 0 | N12: 0 | O12: 0 | P12: =SUM(C12:O12) -> 1 | Q12: 0 | R12: 0 | S12: 0 | T12: 1 | U12: 0 | V12: 0 | W12: 0 | X12: 0 | Y12: 0 | Z12: 0 | AA12: 0 | AB12: 0 | AC12: 0 | AD12: =SUM(Q12:AC12) -> 1
A13: 3132 | B13: NAICS 3132 Fabric mills | C13: 0 | D13: 0 | E13: 2 | F13: 1 | G13: 0 | H13: 1 | I13: 2 | J13: 0 | K13: 0 | L13: 0 | M13: 0 | N13: 0 | O13: 0 | P13: =SUM(C13:O13) -> 6 | Q13: 0 | R13: 0 | S13: 2 | T13: 1 | U13: 0 | V13: 1 | W13: 3 | X13: 0 | Y13: 0 | Z13: 0 | AA13: 0 | AB13: 0 | AC13: 0 | AD13: =SUM(Q13:AC13) -> 7
... A85: 3399 | B85: NAICS 3399 Other miscellaneous manufacturing | C85: 2 | D85: 3 | E85: 71 | F85: 15 | G85: 0 | H85: 6 | I85: 3 | J85: 0 | K85: 8 | L85: 5 | M85: 0 | N85: 0 | O85: 2 | P85: =SUM(C85:O85) -> 115 | Q85: 1 | R85: 3 | S85: 75 | T85: 15 | U85: 0 | V85: 6 | W85: 5 | X85: 0 | Y85: 8 | Z85: 2 | AA85: 0 | AB85: 0 | AC85: 2 | AD85: =SUM(Q85:AC85) -> 117
